{"row_0": [971.5583007530399, 229.0235565513633, 265.8854525700241, 460.42710597098534, 155.92320558755134, 322.8723391662219, 387.81534683273105, 714.975430859371, 620.9553238010259, 279.90941837723244, 176.5662931896429, 533.8449381918261, 816.5605665936768, 850.265997927289, 219.13766514255138, 61.27166740013151, 309.6593853679461, 422.538421601337, 514.4380999285236, 840.1531890209641, 932.7215716956412, 283.5448194460108, 406.40704226712074, 917.8751160108083, 91.97020527625698], "row_1": [502.6297255488403, 286.41691138141476, 452.9345209993898, 254.3031896721912, 164.94987485817276, 105.27941303581544, 626.7147694607436, 612.177372133827, 508.70685829752966, 247.10655030693664, 602.9370406968525, 458.9701262972172, 131.5502762022947, 260.21248052016404, 11.127186301469468, 241.23303633140802, 310.8376026893428, 794.4597819197047, 466.26189464928405, 390.809967606651, 213.1377342271374, 762.4804148810477, 242.22726181092588, 846.3000235730926, 7.662582481632046], "row_2": [250.58481594595662, 283.30920859919695, 491.4660598425204, 312.767791032675, 369.8928400706621, 365.6800486940473, 282.6973006013626, 502.69980047656827, 674.6905228009635, 763.3201157026921, 770.9931800795349, 834.4866595091037, 305.75261792908975, 367.58332707210127, 814.0101585589313, 149.95607115851237, 812.4796514983901, 249.62624434675976, 27.919001148320785, 146.38925977585552, 101.61261431872826, 363.70145768246414, 4.114027899931423, 575.3279142156823, 254.9042946648707], "row_3": [791.2989934853032, 899.4687577960176, 922.7423126317681, 679.3985597177409, 361.68590398885755, 459.82637847235947, 61.05898706244033, 128.1953831680358, 483.4481497574123, 170.449575715024, 13.308516007482838, 953.6962378071127, 702.6240259790375, 732.8563184670608, 664.7974713830063, 919.3541941150559, 192.84088912867304, 41.50660493500438, 703.3206016408672, 200.77164479712746, 699.2335135772605, 878.3707325379295, 826.0844807141453, 988.9639607593903, 70.63558538869377], "row_4": [883.9148591972632, 53.620551756579125, 957.5934263262214, 414.45402980303277, 378.117395045033, 975.2438141202791, 30.40042525952827, 342.9335586753894, 400.2195745571643, 577.9920404004166, 959.2189416213849, 774.578248758072, 873.950856269047, 903.2295181460079, 703.3683048900326, 693.7027464572668, 753.2612619842649, 203.06896907556296, 295.13245086260633, 678.1767395538594, 170.49912387517435, 762.2572673629642, 217.43741523376235, 229.49404698814604, 807.3674363646838], "row_5": [479.9218294903323, 123.96158455702525, 226.77047275608138, 823.4085040786413, 817.8832182263761, 967.0633381818291, 213.91615900863408, 591.0492226608565, 296.3555991635952, 939.8820902120682, 202.89778180715868, 455.31294068579416, 69.18848844073791, 168.48109448777475, 721.6594444073809, 560.6046163311821, 432.9969663493383, 545.5852883319309, 5.975296700346515, 899.8603341943357, 8.761531829142138, 835.9942849336744, 864.8726363810586, 239.17971868507004, 464.6315919967234], "row_6": [58.807860835078266, 625.7373834932389, 104.9172190160874, 834.5500367822239, 301.1791286499263, 159.63907043222025, 768.3102240681503, 634.8249194548978, 527.2042355854137, 803.1123495008059, 85.82304786875919, 48.274439180224086, 894.4116956331245, 436.00971567347744, 234.31321537183643, 297.637253717918, 436.54391179590687, 926.8232577518517, 320.5580382568963, 760.242947953587, 70.26693231177578, 944.5155649647836, 492.30305675489166, 190.75338437383544, 337.36040658980176], "row_7": [179.16517156030932, 674.3552071420053, 923.6757154661111, 65.43739429347396, 644.914746061358, 924.7694209464331, 547.6610429321236, 88.24628063967701, 902.8236538224845, 739.944392267187, 813.8109359464062, 231.87921394521504, 264.5303574257562, 312.9225201076925, 565.5921208393984, 34.14608670642445, 648.2546282755783, 211.65620752076876, 340.09505140949864, 66.03572252489428, 96.53054106113157, 494.0257280848831, 12.172112982082428, 668.4556515001066, 837.9622984544399], "row_8": [826.8363854248545, 106.25657774061698, 752.1656919315201, 54.93623883200492, 803.093039558299, 241.16607983646583, 59.51100762840412, 199.10362672467886, 55.515462910983445, 260.7114266570709, 66.77935678460003, 524.5579664581899, 133.2651502894092, 268.5409989138246, 382.2132334307873, 761.9560613253681, 70.2719694047653, 829.6106406696471, 246.36714482218844, 534.3452160480904, 922.3791571277569, 505.3227231592845, 277.8481246370977, 851.7071513003934, 668.83880640033], "row_9": [814.7792726817628, 778.8026059580461, 330.872690312577, 479.13611242276636, 526.3662965761691, 350.5053149406736, 244.52228740174678, 130.60577329032077, 328.081376786507, 228.9738104403674, 937.0254796543469, 170.61736034966756, 552.7788435014116, 773.8423562745272, 775.3627935257118, 28.902957074491013, 622.5435159170211, 822.5280830680692, 580.4215371463182, 851.476975694132, 360.7719882727172, 615.9601477715185, 362.50241750360436, 865.707059119076, 638.5149103359145], "row_10": [174.0985651903858, 661.5295849553561, 379.0790812626547, 217.3979326331784, 387.6789937566533, 58.820824069628195, 583.0170061975462, 29.306644279241315, 106.18669919846428, 953.8192446836365, 513.1509322700614, 559.2582524156932, 871.8765399816987, 870.7409902452573, 606.3964536165855, 721.8968679807617, 968.9695285993076, 999.1267832172234, 57.96588248248615, 621.5230463686144, 745.7043517079255, 525.547583079418, 535.8829249091901, 919.1572078688088, 686.6602374387415], "row_11": [221.3838899131621, 620.9568210556988, 508.02665162906396, 921.5524252390474, 193.28688724063838, 216.6012907963005, 191.8746090848188, 670.6727295363216, 993.1109988111285, 618.29326593818, 251.8325539647046, 283.845356759254, 786.6369825880178, 648.4971599536012, 189.48844464960638, 428.44183943878403, 20.356750916513732, 571.6220953385774, 469.4834710743929, 303.15627708940707, 383.84266996007796, 287.1392817784086, 549.1924631466911, 330.79892877872277, 877.4971391628906], "row_12": [538.283687267853, 318.9869065345406, 316.94903201125857, 719.7561015548405, 981.0012519544143, 804.1001910894278, 300.4100033851137, 955.0631835397847, 78.71101586316416, 874.2854155264006, 366.87143152773905, 939.0707268380356, 798.0107211891519, 438.2152030936033, 820.4423570233408, 442.41361123815767, 867.546216373767, 484.4128185232321, 834.8433889976433, 566.161278992897, 389.86044898422836, 595.2039222304284, 544.395003058138, 689.7031486078305, 873.0343172161861], "row_13": [79.77447163016453, 613.3038037300882, 453.42293303317103, 398.61270611752906, 488.5034177416325, 32.764061735538505, 519.4897017069787, 873.2439923955513, 421.89037522421586, 256.95836241565297, 95.5022778256975, 598.2106788391295, 694.300677477762, 50.31989840894879, 421.64266851202603, 804.7757355541252, 494.7038779771938, 880.2200098817559, 341.5248314168618, 525.9122658587668, 365.27094666050687, 214.23301247936374, 709.8282374819585, 917.7562130788955, 475.329001638179], "row_14": [101.74212999808543, 664.5101028668216, 155.7466300440474, 554.401842080996, 212.7977248388113, 301.2254236793105, 214.98807730551465, 451.1295339334648, 865.5034092503358, 464.825964502382, 291.36745275769306, 344.4586096860102, 414.19822124294984, 513.3970587336844, 680.4286289818538, 67.50850405071145, 216.41679758266804, 952.8164429996632, 240.6286197347548, 7.501981928247081, 426.90102010202963, 500.5544838244959, 789.3086012734166, 864.4421738053514, 960.1458386252403], "row_15": [180.02917596239394, 188.2843189536616, 963.2182985328188, 65.91793433350469, 2.1941253062689725, 539.4087085987479, 34.6711154482237, 836.218868639017, 108.85616899434952, 550.8289966397554, 124.46065420858744, 268.0583637841263, 314.58856267952456, 218.44500318668491, 641.6545378805022, 942.6976732174353, 94.23877478627168, 964.351030978213, 843.0137295930455, 944.3714241613607, 469.92640370440995, 236.35746563722637, 964.888432764961, 940.2249284928029, 800.2952554499681],